{"intensity_window_range_10_150": [12, 13, 14, 15, 16, 17, 18, 19, 20, 21, 22, 23, 24, 25, 26, 27, 28, 29, 30, 31, 32, 33, 34, 35, 36, 37, 38, 39, 40, 41, 42, 43, 44, 45, 46, 47, 48, 49, 50, 51, 52, 53, 54, 55, 56, 57, 58, 59, 60, 61, 62, 63, 64, 65, 66, 67, 68, 69, 70, 71, 72, 73, 74, 75, 76, 77, 78, 79, 80, 81, 82, 83, 84, 85, 86, 87, 88, 89, 90, 91, 92, 93, 94, 95, 96, 97, 98, 99, 100, 101, 102, 103, 104, 105, 106, 107, 108, 109, 110, 111, 112, 113, 114, 115, 116, 117, 118, 119, 120, 121, 122, 123, 124, 125, 126, 127, 128, 129, 130, 131, 132, 133, 134, 135, 136, 137, 138, 139, 140, 141, 142, 143, 144, 145, 146, 147, 148, 149, 150], "perc_found_intensity_range_10_150": [0.8857142857142857, 0.8653846153846154, 0.8837209302325582, 0.9473684210526315, 0.9473684210526315, 0.8461538461538461, 0.8571428571428571, 0.8571428571428571, 0.8658536585365854, 0.8658536585365854, 0.8641571194762684, 0.8789473684210526, 0.8789473684210526, 0.8786407766990292, 0.85, 0.858433734939759, 0.8823529411764706, 0.8597122302158273, 0.9049586776859504, 0.9049586776859504, 0.87468671679198, 0.88, 0.8728070175438597, 0.9054726368159204, 0.9208333333333333, 0.9208333333333333, 0.8865546218487395, 0.893223819301848, 0.893223819301848, 0.8819188191881919, 0.8491228070175438, 0.8815331010452961, 0.8762214983713354, 0.8762214983713354, 0.8805513016845329, 0.8805513016845329, 0.8751733703190014, 0.8673740053050398, 0.8673740053050398, 0.8697421981004071, 0.8697421981004071, 0.8464788732394366, 0.8563685636856369, 0.8792569659442725, 0.8792569659442725, 0.8338815789473685, 0.8338815789473685, 0.8652482269503546, 0.8666666666666667, 0.8307086614173228, 0.8302583025830258, 0.8504672897196262, 0.8504672897196262, 0.8266129032258065, 0.8507462686567164, 0.8298850574712644, 0.8298850574712644, 0.7819905213270142, 0.8333333333333334, 0.8614457831325302, 0.8181818181818182, 0.8375, 0.8210862619808307, 0.8802816901408451, 0.8802816901408451, 0.8047808764940239, 0.8047808764940239, 0.8292682926829268, 0.8247863247863247, 0.865979381443299, 0.7575757575757576, 0.8229166666666666, 0.8229166666666666, 0.8356807511737089, 0.825, 0.825, 0.7692307692307693, 0.7692307692307693, 0.7142857142857143, 0.8482758620689655, 0.8392857142857143, 0.8392857142857143, 0.8983050847457628, 0.7952755905511811, 0.7288135593220338, 0.7288135593220338, 0.7843137254901961, 0.9111111111111111, 0.8653846153846154, 0.8160919540229885, 0.8529411764705882, 0.8529411764705882, 0.8169014084507042, 0.7692307692307693, 0.7586206896551724, 0.7586206896551724, 0.7575757575757576, 0.7407407407407407, 0.9245283018867925, 0.9245283018867925, 0.8113207547169812, 0.8461538461538461, 0.9, 0.9, 0.8679245283018868, 0.95, 0.95, 1.0, 1.0, 0.7777777777777778, 0.7777777777777778, 0.8666666666666667, 0.8666666666666667, 0.8846153846153846, 0.8333333333333334, 0.8333333333333334, 0.9629629629629629, 0.8333333333333334, 0.8181818181818182, 1.0, 1.0, 0.7727272727272727, 0.7727272727272727, 0.9333333333333333, 0.6666666666666666, 0.6, 0.8125, 0.8695652173913043, 0.8695652173913043, 0.7727272727272727, 0.7727272727272727, 0.8888888888888888, 0.8888888888888888, 0.8, 0.8, 1.0, 0.4, 0.7777777777777778, 0.7647058823529411]}