{"intensity_window_range_10_150": [12, 13, 14, 15, 16, 17, 20, 21, 22, 23, 24, 25, 26, 27, 28, 29, 30, 31, 32, 33, 34, 35, 36, 37, 38, 39, 40, 41, 42, 43, 44, 45, 46, 47, 48, 49, 50, 51, 52, 53, 54, 55, 56, 57, 58, 59, 60, 61, 62, 63, 64, 65, 66, 67, 68, 69, 70, 71, 72, 73, 74, 75, 76, 77, 78, 79, 80, 81, 82, 83, 84, 85, 86, 87, 88, 89, 90, 91, 92, 93, 94, 95, 96, 97, 98, 99, 100, 101, 102, 103, 104, 105, 106, 107, 108, 109, 110, 111, 112, 114, 115, 116, 117, 118, 119, 120, 121, 122, 123, 124, 125, 126, 127, 128, 129, 130, 131, 132, 133, 134, 135, 136, 137, 138, 139, 140, 141, 142, 143, 144, 145, 146, 147, 150], "perc_found_intensity_range_10_150": [0.15194805194805194, 0.17692307692307693, 0.19767441860465115, 0.15789473684210525, 0.15789473684210525, 0.07692307692307693, 0.16463414634146342, 0.16463414634146342, 0.19312602291325695, 0.14210526315789473, 0.14210526315789473, 0.20145631067961164, 0.12058823529411765, 0.18072289156626506, 0.16608996539792387, 0.1564748201438849, 0.2190082644628099, 0.2190082644628099, 0.16040100250626566, 0.14, 0.16666666666666666, 0.23880597014925373, 0.14166666666666666, 0.14166666666666666, 0.21428571428571427, 0.1806981519507187, 0.1806981519507187, 0.16974169741697417, 0.19298245614035087, 0.17073170731707318, 0.1563517915309446, 0.1563517915309446, 0.16998468606431852, 0.16998468606431852, 0.17475728155339806, 0.15119363395225463, 0.15119363395225463, 0.15332428765264586, 0.15332428765264586, 0.1591549295774648, 0.13550135501355012, 0.14860681114551083, 0.14860681114551083, 0.1513157894736842, 0.1513157894736842, 0.1702127659574468, 0.1365079365079365, 0.1141732283464567, 0.12915129151291513, 0.1588785046728972, 0.1588785046728972, 0.14516129032258066, 0.20398009950248755, 0.1425287356321839, 0.1425287356321839, 0.10426540284360189, 0.14705882352941177, 0.13855421686746988, 0.13333333333333333, 0.15625, 0.16613418530351437, 0.14788732394366197, 0.14788732394366197, 0.18725099601593626, 0.18725099601593626, 0.1951219512195122, 0.1452991452991453, 0.13402061855670103, 0.1717171717171717, 0.14583333333333334, 0.14583333333333334, 0.18309859154929578, 0.1125, 0.1125, 0.21153846153846154, 0.21153846153846154, 0.12987012987012986, 0.1310344827586207, 0.05357142857142857, 0.05357142857142857, 0.1016949152542373, 0.14960629921259844, 0.15254237288135594, 0.15254237288135594, 0.11764705882352941, 0.2, 0.25, 0.19540229885057472, 0.17647058823529413, 0.17647058823529413, 0.19718309859154928, 0.15384615384615385, 0.13793103448275862, 0.13793103448275862, 0.18181818181818182, 0.18518518518518517, 0.22641509433962265, 0.22641509433962265, 0.2641509433962264, 0.1, 0.1, 0.18867924528301888, 0.1, 0.25, 0.3333333333333333, 0.3333333333333333, 0.2222222222222222, 0.2222222222222222, 0.3, 0.3, 0.23076923076923078, 0.25, 0.25, 0.37037037037037035, 0.16666666666666666, 0.45454545454545453, 0.4375, 0.4375, 0.2727272727272727, 0.2727272727272727, 0.26666666666666666, 0.06666666666666667, 0.3, 0.5, 0.30434782608695654, 0.30434782608695654, 0.22727272727272727, 0.22727272727272727, 0.2222222222222222, 0.2222222222222222, 0.15, 0.15, 0.25, 0.4117647058823529]}