{"intensity_window_range_10_150": [12, 13, 14, 15, 16, 17, 18, 19, 20, 21, 22, 23, 24, 25, 26, 27, 28, 29, 30, 31, 32, 33, 34, 35, 36, 37, 38, 39, 40, 41, 42, 43, 44, 45, 46, 47, 48, 49, 50, 51, 52, 53, 54, 55, 56, 57, 58, 59, 60, 61, 62, 63, 64, 65, 66, 67, 68, 69, 70, 71, 72, 73, 74, 75, 76, 77, 78, 79, 80, 81, 82, 83, 84, 85, 86, 87, 88, 89, 90, 91, 92, 93, 94, 95, 96, 97, 98, 99, 100, 101, 102, 103, 104, 105, 106, 107, 108, 109, 110, 111, 112, 113, 114, 115, 116, 117, 118, 119, 120, 121, 122, 123, 124, 125, 126, 127, 128, 129, 130, 131, 132, 133, 134, 135, 136, 137, 138, 139, 140, 141, 142, 143, 144, 145, 146, 147, 148, 149, 150], "perc_found_intensity_range_10_150": [0.33506493506493507, 0.36153846153846153, 0.3023255813953488, 0.45614035087719296, 0.45614035087719296, 0.3076923076923077, 0.14285714285714285, 0.14285714285714285, 0.3475609756097561, 0.3475609756097561, 0.3404255319148936, 0.3368421052631579, 0.3368421052631579, 0.35194174757281554, 0.36176470588235293, 0.3373493975903614, 0.328719723183391, 0.32014388489208634, 0.371900826446281, 0.371900826446281, 0.3082706766917293, 0.305, 0.34649122807017546, 0.417910447761194, 0.325, 0.325, 0.35714285714285715, 0.37166324435318276, 0.37166324435318276, 0.34317343173431736, 0.3684210526315789, 0.343205574912892, 0.3127035830618892, 0.3127035830618892, 0.3552833078101072, 0.3552833078101072, 0.33980582524271846, 0.3050397877984085, 0.3050397877984085, 0.31343283582089554, 0.31343283582089554, 0.3295774647887324, 0.2899728997289973, 0.34674922600619196, 0.34674922600619196, 0.3092105263157895, 0.3092105263157895, 0.30141843971631205, 0.2857142857142857, 0.29133858267716534, 0.31365313653136534, 0.33457943925233646, 0.33457943925233646, 0.25806451612903225, 0.3333333333333333, 0.2988505747126437, 0.2988505747126437, 0.20853080568720378, 0.28431372549019607, 0.3192771084337349, 0.2606060606060606, 0.325, 0.329073482428115, 0.33098591549295775, 0.33098591549295775, 0.32669322709163345, 0.32669322709163345, 0.35772357723577236, 0.28205128205128205, 0.28865979381443296, 0.35353535353535354, 0.3020833333333333, 0.3020833333333333, 0.3286384976525822, 0.35, 0.35, 0.32051282051282054, 0.32051282051282054, 0.2597402597402597, 0.36551724137931035, 0.19642857142857142, 0.19642857142857142, 0.2711864406779661, 0.28346456692913385, 0.288135593220339, 0.288135593220339, 0.23529411764705882, 0.3111111111111111, 0.5192307692307693, 0.2988505747126437, 0.29411764705882354, 0.29411764705882354, 0.4507042253521127, 0.23076923076923078, 0.3448275862068966, 0.3448275862068966, 0.2727272727272727, 0.2962962962962963, 0.4528301886792453, 0.4528301886792453, 0.4716981132075472, 0.07692307692307693, 0.35, 0.35, 0.4339622641509434, 0.35, 0.5, 0.7777777777777778, 0.7777777777777778, 0.4444444444444444, 0.4444444444444444, 0.4, 0.4, 0.38461538461538464, 0.75, 0.75, 0.6296296296296297, 0.6666666666666666, 0.5454545454545454, 0.5, 0.5, 0.4090909090909091, 0.4090909090909091, 0.5333333333333333, 0.4666666666666667, 0.3, 0.625, 0.43478260869565216, 0.43478260869565216, 0.5, 0.5, 0.3888888888888889, 0.3888888888888889, 0.4, 0.4, 0.5, 0.4, 0.2222222222222222, 0.5882352941176471]}